n,m,target_seq,drug_smiles,pKd,Kd_nM,label,neutralization,predicted_pKd_cpi_only,predicted_pKd_ppi_only
2,1,GIGAVLKVLTTGLPALISWIKRKRQQ,N#CC(C)(C)CC(C(O)=O)CC(C(O)=O)CC(C(NC(C)(C)C)=O)SC(=S)SCC(O)CCO,5.866029262542725,1361.3529521016444,A2T1,38.8,3.2968316,5.341276
2,2,GIGAVLKVLTTGLPALISWIKRKRQQ,N#CC(C)(C)CC(C(O)=O)CC(C(O)=O)CC(C(NC(C)(C)C)=O)CC(C(NC(C)(C)C)=O)SC(=S)SCC(O)CCO,5.929778575897217,1175.4967266483582,A2T2,63.3,4.3230934,5.3555756
2,3,GIGAVLKVLTTGLPALISWIKRKRQQ,N#CC(C)(C)CC(C(O)=O)CC(C(O)=O)CC(C(NC(C)(C)C)=O)CC(C(NC(C)(C)C)=O)CC(C(NC(C)(C)C)=O)SC(=S)SCC(O)CCO,5.960619926452637,1094.9141630763097,A2T3,56.6,4.2269783,5.4775963
2,4,GIGAVLKVLTTGLPALISWIKRKRQQ,N#CC(C)(C)CC(C(O)=O)CC(C(O)=O)CC(C(NC(C)(C)C)=O)CC(C(NC(C)(C)C)=O)CC(C(NC(C)(C)C)=O)CC(C(NC(C)(C)C)=O)SC(=S)SCC(O)CCO,5.951366901397705,1118.4925574359536,A2T4,86.9,4.006083,4.7853127
2,5,GIGAVLKVLTTGLPALISWIKRKRQQ,N#CC(C)(C)CC(C(O)=O)CC(C(O)=O)CC(C(NC(C)(C)C)=O)CC(C(NC(C)(C)C)=O)CC(C(NC(C)(C)C)=O)CC(C(NC(C)(C)C)=O)CC(C(NC(C)(C)C)=O)SC(=S)SCC(O)CCO,5.967724800109863,1077.1475547625491,A2T5,51.7,4.166709,5.0580616
3,1,GIGAVLKVLTTGLPALISWIKRKRQQ,N#CC(C)(C)CC(C(O)=O)CC(C(O)=O)CC(C(O)=O)CC(C(NC(C)(C)C)=O)SC(=S)SCC(O)CCO,5.948720932006836,1125.327852386021,A3T1,90.6,4.1787024,5.120672
3,2,GIGAVLKVLTTGLPALISWIKRKRQQ,N#CC(C)(C)CC(C(O)=O)CC(C(O)=O)CC(C(O)=O)CC(C(NC(C)(C)C)=O)CC(C(NC(C)(C)C)=O)SC(=S)SCC(O)CCO,6.009763717651367,977.7690415051616,A3T2,51.5,4.1824703,5.887293
3,3,GIGAVLKVLTTGLPALISWIKRKRQQ,N#CC(C)(C)CC(C(O)=O)CC(C(O)=O)CC(C(O)=O)CC(C(NC(C)(C)C)=O)CC(C(NC(C)(C)C)=O)CC(C(NC(C)(C)C)=O)SC(=S)SCC(O)CCO,6.008179187774658,981.3429621827617,A3T3,67.8,4.0925293,4.7954397
3,4,GIGAVLKVLTTGLPALISWIKRKRQQ,N#CC(C)(C)CC(C(O)=O)CC(C(O)=O)CC(C(O)=O)CC(C(NC(C)(C)C)=O)CC(C(NC(C)(C)C)=O)CC(C(NC(C)(C)C)=O)CC(C(NC(C)(C)C)=O)SC(=S)SCC(O)CCO,6.023140907287598,948.1107978770508,A3T4,58.7,4.2148395,5.0580616
3,5,GIGAVLKVLTTGLPALISWIKRKRQQ,N#CC(C)(C)CC(C(O)=O)CC(C(O)=O)CC(C(O)=O)CC(C(NC(C)(C)C)=O)CC(C(NC(C)(C)C)=O)CC(C(NC(C)(C)C)=O)CC(C(NC(C)(C)C)=O)CC(C(NC(C)(C)C)=O)SC(=S)SCC(O)CCO,6.031989097595215,928.9897075798276,A3T5,,3.7442162,5.159255
4,1,GIGAVLKVLTTGLPALISWIKRKRQQ,N#CC(C)(C)CC(C(O)=O)CC(C(O)=O)CC(C(O)=O)CC(C(O)=O)CC(C(NC(C)(C)C)=O)SC(=S)SCC(O)CCO,6.055311679840088,880.4167980703912,A4T1,83.3,4.754695,5.887293
4,2,GIGAVLKVLTTGLPALISWIKRKRQQ,N#CC(C)(C)CC(C(O)=O)CC(C(O)=O)CC(C(O)=O)CC(C(O)=O)CC(C(NC(C)(C)C)=O)CC(C(NC(C)(C)C)=O)SC(=S)SCC(O)CCO,6.081486701965332,828.921297335607,A4T2,77.5,4.0696044,4.7844133
4,3,GIGAVLKVLTTGLPALISWIKRKRQQ,N#CC(C)(C)CC(C(O)=O)CC(C(O)=O)CC(C(O)=O)CC(C(O)=O)CC(C(NC(C)(C)C)=O)CC(C(NC(C)(C)C)=O)CC(C(NC(C)(C)C)=O)SC(=S)SCC(O)CCO,6.094018936157227,805.3433257625443,A4T3,85.0,4.176512,4.7954397
4,4,GIGAVLKVLTTGLPALISWIKRKRQQ,N#CC(C)(C)CC(C(O)=O)CC(C(O)=O)CC(C(O)=O)CC(C(O)=O)CC(C(NC(C)(C)C)=O)CC(C(NC(C)(C)C)=O)CC(C(NC(C)(C)C)=O)CC(C(NC(C)(C)C)=O)SC(=S)SCC(O)CCO,6.102776050567627,789.2670081973372,A4T4,,4.562589,5.136463
4,5,GIGAVLKVLTTGLPALISWIKRKRQQ,N#CC(C)(C)CC(C(O)=O)CC(C(O)=O)CC(C(O)=O)CC(C(O)=O)CC(C(NC(C)(C)C)=O)CC(C(NC(C)(C)C)=O)CC(C(NC(C)(C)C)=O)CC(C(NC(C)(C)C)=O)CC(C(NC(C)(C)C)=O)SC(=S)SCC(O)CCO,6.098996639251709,796.165511447773,A4T5,,3.9652038,5.1407385
2,0,GIGAVLKVLTTGLPALISWIKRKRQQ,N#CC(C)(C)CC(C(O)=O)CC(C(O)=O)SC(=S)SCC(O)CCO,5.843861103057861,1432.6460177668714,A2T0,19.9,3.6283076,5.429964
3,0,GIGAVLKVLTTGLPALISWIKRKRQQ,N#CC(C)(C)CC(C(O)=O)CC(C(O)=O)CC(C(O)=O)SC(=S)SCC(O)CCO,5.946571350097656,1130.9115769794068,A3T0,24.8,3.6557338,5.1277685
4,0,GIGAVLKVLTTGLPALISWIKRKRQQ,N#CC(C)(C)CC(C(O)=O)CC(C(O)=O)CC(C(O)=O)CC(C(O)=O)SC(=S)SCC(O)CCO,6.058089256286621,874.8039668690609,A4T0,84.3,4.493681,5.318057
