n,m,target_seq,drug_smiles,pKd,Kd_nM,label,predicted_pKd,neutralization_0.1mM,neutralization_0.3mM,neutralization_1.0mM
2,1,GIGAVLKVLTTGLPALISWIKRKRQQ,N#CC(C)(C)CC(C(O)=O)CC(C(O)=O)CC(C(NC(C)(C)C)=O)SC(=S)SCC(O)CCO,5.866029262542725,1361.3529521016444,A2T1,8.966169357299805,3.6,30.2,43.9
2,2,GIGAVLKVLTTGLPALISWIKRKRQQ,N#CC(C)(C)CC(C(O)=O)CC(C(O)=O)CC(C(NC(C)(C)C)=O)CC(C(NC(C)(C)C)=O)SC(=S)SCC(O)CCO,5.929778575897217,1175.4967266483582,A2T2,9.455133438110352,16.0,26.6,72.6
2,3,GIGAVLKVLTTGLPALISWIKRKRQQ,N#CC(C)(C)CC(C(O)=O)CC(C(O)=O)CC(C(NC(C)(C)C)=O)CC(C(NC(C)(C)C)=O)CC(C(NC(C)(C)C)=O)SC(=S)SCC(O)CCO,5.960619926452637,1094.9141630763097,A2T3,9.642374992370605,26.4,-9.4,63.4
2,4,GIGAVLKVLTTGLPALISWIKRKRQQ,N#CC(C)(C)CC(C(O)=O)CC(C(O)=O)CC(C(NC(C)(C)C)=O)CC(C(NC(C)(C)C)=O)CC(C(NC(C)(C)C)=O)CC(C(NC(C)(C)C)=O)SC(=S)SCC(O)CCO,5.951366901397705,1118.4925574359536,A2T4,10.178114891052246,25.2,44.1,90.2
2,5,GIGAVLKVLTTGLPALISWIKRKRQQ,N#CC(C)(C)CC(C(O)=O)CC(C(O)=O)CC(C(NC(C)(C)C)=O)CC(C(NC(C)(C)C)=O)CC(C(NC(C)(C)C)=O)CC(C(NC(C)(C)C)=O)CC(C(NC(C)(C)C)=O)SC(=S)SCC(O)CCO,5.967724800109863,1077.1475547625491,A2T5,10.46742057800293,31.8,20.1,59.6
3,1,GIGAVLKVLTTGLPALISWIKRKRQQ,N#CC(C)(C)CC(C(O)=O)CC(C(O)=O)CC(C(O)=O)CC(C(NC(C)(C)C)=O)SC(=S)SCC(O)CCO,5.948720932006836,1125.327852386021,A3T1,9.504430770874023,32.4,31.9,92.8
3,2,GIGAVLKVLTTGLPALISWIKRKRQQ,N#CC(C)(C)CC(C(O)=O)CC(C(O)=O)CC(C(O)=O)CC(C(NC(C)(C)C)=O)CC(C(NC(C)(C)C)=O)SC(=S)SCC(O)CCO,6.009763717651367,977.7690415051616,A3T2,9.850893020629883,19.4,42.4,59.6
3,3,GIGAVLKVLTTGLPALISWIKRKRQQ,N#CC(C)(C)CC(C(O)=O)CC(C(O)=O)CC(C(O)=O)CC(C(NC(C)(C)C)=O)CC(C(NC(C)(C)C)=O)CC(C(NC(C)(C)C)=O)SC(=S)SCC(O)CCO,6.008179187774658,981.3429621827617,A3T3,9.948406219482422,6.8,40.1,71.6
3,4,GIGAVLKVLTTGLPALISWIKRKRQQ,N#CC(C)(C)CC(C(O)=O)CC(C(O)=O)CC(C(O)=O)CC(C(NC(C)(C)C)=O)CC(C(NC(C)(C)C)=O)CC(C(NC(C)(C)C)=O)CC(C(NC(C)(C)C)=O)SC(=S)SCC(O)CCO,6.023140907287598,948.1107978770508,A3T4,10.43210220336914,21.1,38.8,61.3
3,5,GIGAVLKVLTTGLPALISWIKRKRQQ,N#CC(C)(C)CC(C(O)=O)CC(C(O)=O)CC(C(O)=O)CC(C(NC(C)(C)C)=O)CC(C(NC(C)(C)C)=O)CC(C(NC(C)(C)C)=O)CC(C(NC(C)(C)C)=O)CC(C(NC(C)(C)C)=O)SC(=S)SCC(O)CCO,6.031989097595215,928.9897075798276,A3T5,10.647199630737305,,,
4,1,GIGAVLKVLTTGLPALISWIKRKRQQ,N#CC(C)(C)CC(C(O)=O)CC(C(O)=O)CC(C(O)=O)CC(C(O)=O)CC(C(NC(C)(C)C)=O)SC(=S)SCC(O)CCO,6.055311679840088,880.4167980703912,A4T1,9.967920303344727,21.3,69.0,87.7
4,2,GIGAVLKVLTTGLPALISWIKRKRQQ,N#CC(C)(C)CC(C(O)=O)CC(C(O)=O)CC(C(O)=O)CC(C(O)=O)CC(C(NC(C)(C)C)=O)CC(C(NC(C)(C)C)=O)SC(=S)SCC(O)CCO,6.081486701965332,828.921297335607,A4T2,10.051005363464355,30.9,58.3,83.1
4,3,GIGAVLKVLTTGLPALISWIKRKRQQ,N#CC(C)(C)CC(C(O)=O)CC(C(O)=O)CC(C(O)=O)CC(C(O)=O)CC(C(NC(C)(C)C)=O)CC(C(NC(C)(C)C)=O)CC(C(NC(C)(C)C)=O)SC(=S)SCC(O)CCO,6.094018936157227,805.3433257625443,A4T3,10.389543533325195,62.3,75.9,87.5
4,4,GIGAVLKVLTTGLPALISWIKRKRQQ,N#CC(C)(C)CC(C(O)=O)CC(C(O)=O)CC(C(O)=O)CC(C(O)=O)CC(C(NC(C)(C)C)=O)CC(C(NC(C)(C)C)=O)CC(C(NC(C)(C)C)=O)CC(C(NC(C)(C)C)=O)SC(=S)SCC(O)CCO,6.102776050567627,789.2670081973372,A4T4,10.621959686279297,,,
4,5,GIGAVLKVLTTGLPALISWIKRKRQQ,N#CC(C)(C)CC(C(O)=O)CC(C(O)=O)CC(C(O)=O)CC(C(O)=O)CC(C(NC(C)(C)C)=O)CC(C(NC(C)(C)C)=O)CC(C(NC(C)(C)C)=O)CC(C(NC(C)(C)C)=O)CC(C(NC(C)(C)C)=O)SC(=S)SCC(O)CCO,6.098996639251709,796.165511447773,A4T5,11.01175308227539,,,
2,0,GIGAVLKVLTTGLPALISWIKRKRQQ,N#CC(C)(C)CC(C(O)=O)CC(C(O)=O)SC(=S)SCC(O)CCO,5.843861103057861,1432.6460177668714,A2T0,8.057650566101074,9.4,-9.4,26.1
3,0,GIGAVLKVLTTGLPALISWIKRKRQQ,N#CC(C)(C)CC(C(O)=O)CC(C(O)=O)CC(C(O)=O)SC(=S)SCC(O)CCO,5.946571350097656,1130.9115769794068,A3T0,9.008779525756836,-4.7,3.9,40.0
4,0,GIGAVLKVLTTGLPALISWIKRKRQQ,N#CC(C)(C)CC(C(O)=O)CC(C(O)=O)CC(C(O)=O)CC(C(O)=O)SC(=S)SCC(O)CCO,6.058089256286621,874.8039668690609,A4T0,9.840686798095703,20.0,22.9,86.0
