n,m,target_seq,drug_smiles,pKd,Kd_nM,predicted_pKd_T5ProtChem_raw_uniqueonly_seed42_unbalanced
2,1,GIGAVLKVLTTGLPALISWIKRKRQQ,N#CC(C)(C)CC(C(O)=O)CC(C(O)=O)CC(C(NC(C)(C)C)=O)SC(=S)SCC(O)CCO,5.866029262542725,1361.3529521016444,6.129096
2,2,GIGAVLKVLTTGLPALISWIKRKRQQ,N#CC(C)(C)CC(C(O)=O)CC(C(O)=O)CC(C(NC(C)(C)C)=O)CC(C(NC(C)(C)C)=O)SC(=S)SCC(O)CCO,5.929778575897217,1175.4967266483582,6.3504696
2,3,GIGAVLKVLTTGLPALISWIKRKRQQ,N#CC(C)(C)CC(C(O)=O)CC(C(O)=O)CC(C(NC(C)(C)C)=O)CC(C(NC(C)(C)C)=O)CC(C(NC(C)(C)C)=O)SC(=S)SCC(O)CCO,5.960619926452637,1094.9141630763097,6.672431
2,4,GIGAVLKVLTTGLPALISWIKRKRQQ,N#CC(C)(C)CC(C(O)=O)CC(C(O)=O)CC(C(NC(C)(C)C)=O)CC(C(NC(C)(C)C)=O)CC(C(NC(C)(C)C)=O)CC(C(NC(C)(C)C)=O)SC(=S)SCC(O)CCO,5.951366901397705,1118.4925574359536,6.529641
2,5,GIGAVLKVLTTGLPALISWIKRKRQQ,N#CC(C)(C)CC(C(O)=O)CC(C(O)=O)CC(C(NC(C)(C)C)=O)CC(C(NC(C)(C)C)=O)CC(C(NC(C)(C)C)=O)CC(C(NC(C)(C)C)=O)CC(C(NC(C)(C)C)=O)SC(=S)SCC(O)CCO,5.967724800109863,1077.1475547625491,8.219831
3,1,GIGAVLKVLTTGLPALISWIKRKRQQ,N#CC(C)(C)CC(C(O)=O)CC(C(O)=O)CC(C(O)=O)CC(C(NC(C)(C)C)=O)SC(=S)SCC(O)CCO,5.948720932006836,1125.327852386021,6.5835123
3,2,GIGAVLKVLTTGLPALISWIKRKRQQ,N#CC(C)(C)CC(C(O)=O)CC(C(O)=O)CC(C(O)=O)CC(C(NC(C)(C)C)=O)CC(C(NC(C)(C)C)=O)SC(=S)SCC(O)CCO,6.009763717651367,977.7690415051616,6.6347575
3,3,GIGAVLKVLTTGLPALISWIKRKRQQ,N#CC(C)(C)CC(C(O)=O)CC(C(O)=O)CC(C(O)=O)CC(C(NC(C)(C)C)=O)CC(C(NC(C)(C)C)=O)CC(C(NC(C)(C)C)=O)SC(=S)SCC(O)CCO,6.008179187774658,981.3429621827617,6.9889016
3,4,GIGAVLKVLTTGLPALISWIKRKRQQ,N#CC(C)(C)CC(C(O)=O)CC(C(O)=O)CC(C(O)=O)CC(C(NC(C)(C)C)=O)CC(C(NC(C)(C)C)=O)CC(C(NC(C)(C)C)=O)CC(C(NC(C)(C)C)=O)SC(=S)SCC(O)CCO,6.023140907287598,948.1107978770508,7.992701
3,5,GIGAVLKVLTTGLPALISWIKRKRQQ,N#CC(C)(C)CC(C(O)=O)CC(C(O)=O)CC(C(O)=O)CC(C(NC(C)(C)C)=O)CC(C(NC(C)(C)C)=O)CC(C(NC(C)(C)C)=O)CC(C(NC(C)(C)C)=O)CC(C(NC(C)(C)C)=O)SC(=S)SCC(O)CCO,6.031989097595215,928.9897075798276,8.284276
4,1,GIGAVLKVLTTGLPALISWIKRKRQQ,N#CC(C)(C)CC(C(O)=O)CC(C(O)=O)CC(C(O)=O)CC(C(O)=O)CC(C(NC(C)(C)C)=O)SC(=S)SCC(O)CCO,6.055311679840088,880.4167980703912,7.219792
4,2,GIGAVLKVLTTGLPALISWIKRKRQQ,N#CC(C)(C)CC(C(O)=O)CC(C(O)=O)CC(C(O)=O)CC(C(O)=O)CC(C(NC(C)(C)C)=O)CC(C(NC(C)(C)C)=O)SC(=S)SCC(O)CCO,6.081486701965332,828.921297335607,8.222026
4,3,GIGAVLKVLTTGLPALISWIKRKRQQ,N#CC(C)(C)CC(C(O)=O)CC(C(O)=O)CC(C(O)=O)CC(C(O)=O)CC(C(NC(C)(C)C)=O)CC(C(NC(C)(C)C)=O)CC(C(NC(C)(C)C)=O)SC(=S)SCC(O)CCO,6.094018936157227,805.3433257625443,8.392221
4,4,GIGAVLKVLTTGLPALISWIKRKRQQ,N#CC(C)(C)CC(C(O)=O)CC(C(O)=O)CC(C(O)=O)CC(C(O)=O)CC(C(NC(C)(C)C)=O)CC(C(NC(C)(C)C)=O)CC(C(NC(C)(C)C)=O)CC(C(NC(C)(C)C)=O)SC(=S)SCC(O)CCO,6.102776050567627,789.2670081973372,7.0672975
4,5,GIGAVLKVLTTGLPALISWIKRKRQQ,N#CC(C)(C)CC(C(O)=O)CC(C(O)=O)CC(C(O)=O)CC(C(O)=O)CC(C(NC(C)(C)C)=O)CC(C(NC(C)(C)C)=O)CC(C(NC(C)(C)C)=O)CC(C(NC(C)(C)C)=O)CC(C(NC(C)(C)C)=O)SC(=S)SCC(O)CCO,6.098996639251709,796.165511447773,8.104194
2,0,GIGAVLKVLTTGLPALISWIKRKRQQ,N#CC(C)(C)CC(C(O)=O)CC(C(O)=O)SC(=S)SCC(O)CCO,5.843861103057861,1432.6460177668714,4.904676
3,0,GIGAVLKVLTTGLPALISWIKRKRQQ,N#CC(C)(C)CC(C(O)=O)CC(C(O)=O)CC(C(O)=O)SC(=S)SCC(O)CCO,5.946571350097656,1130.9115769794068,6.004382
4,0,GIGAVLKVLTTGLPALISWIKRKRQQ,N#CC(C)(C)CC(C(O)=O)CC(C(O)=O)CC(C(O)=O)CC(C(O)=O)SC(=S)SCC(O)CCO,6.058089256286621,874.8039668690609,6.822684
